{
  "articles": [
    {
      "id": "1",
      "title": "The Rise of AI in Tech Giants",
      "author": "Emily Chen",
      "body": "In recent years, Silicon Valley's tech behemoths have been racing to integrate AI into their core products. Google's DeepMind has made significant strides in natural language processing, while Amazon's Alexa continues to evolve, becoming more intuitive and responsive. These advancements are not just improving user experience; they're reshaping entire business models.\n\nMeanwhile, Microsoft's investment in OpenAI has led to the integration of advanced language models into their suite of productivity tools. This move signals a shift towards AI-augmented workspaces, where machines and humans collaborate more seamlessly than ever before."
    },
    {
      "id": "2",
      "title": "AI Ethics: Navigating the New Frontier",
      "author": "Jamal Washington",
      "body": "As AI becomes increasingly prevalent in our daily lives, tech companies are grappling with complex ethical questions. Facebook (now Meta) has established an AI ethics board to address concerns about data privacy and algorithmic bias. Apple, known for its stance on user privacy, is developing AI models that can function on-device, minimizing data transfer and potential breaches.\n\nHowever, critics argue that self-regulation is not enough. There's a growing call for government oversight and international standards to ensure AI development remains beneficial to society as a whole."
    },
    {
      "id": "3",
      "title": "Startups Leading the AI Revolution",
      "author": "Sophia Rodríguez",
      "body": "While tech giants make headlines, innovative startups are often at the cutting edge of AI development. Companies like Anthropic are pushing the boundaries of language models, while others like Scale AI are providing the crucial data annotation services that make machine learning possible.\n\nThese startups are not just developing new technologies; they're reimagining entire industries. From healthcare diagnostics to climate modeling, AI-driven startups are tackling some of the world's most pressing challenges."
    },
    {
      "id": "4",
      "title": "The Impact of AI on the Job Market",
      "author": "Thomas Schmidt",
      "body": "As companies rapidly adopt AI technologies, the job market is undergoing a significant transformation. Automation is replacing certain roles, particularly in manufacturing and data entry. However, it's also creating new opportunities in AI development, data science, and machine learning engineering.\n\nTech companies are investing heavily in reskilling programs. Google's 'Grow with Google' initiative and Amazon's 'Machine Learning University' are examples of how these companies are preparing their workforce for an AI-driven future."
    },
    {
      "id": "5",
      "title": "AI and Cloud Computing: A Powerful Combination",
      "author": "Priya Patel",
      "body": "The synergy between AI and cloud computing is revolutionizing how companies handle big data. AWS, Google Cloud, and Microsoft Azure are all offering AI-as-a-Service, allowing businesses of all sizes to leverage advanced machine learning algorithms without massive upfront investments.\n\nThis democratization of AI is enabling startups to compete with established players, fostering innovation across industries. From predictive maintenance in manufacturing to personalized recommendations in e-commerce, cloud-based AI solutions are becoming indispensable tools for modern businesses."
    }
  ]
}